Программа;Школа;Уровень;Курсы;Проверить
Архитектура и градостроительство;МАРШ;Бакалавриат;;
Проектирование зданий и городских общественных пространств;МАРШ;Магистратура;;
Архитектурное проектирование и реконструкция зданий;МАРШ;;;да — новая программа, уточнить школу и уровень
Foundation Art and Design;БВШД;Бакалавриат;1;
Графический дизайн;БВШД;Бакалавриат;;
Дизайн одежды и текстиля;БВШД;Бакалавриат;;
Иллюстрация;БВШД;Бакалавриат;;
Промышленный дизайн;БВШД;Бакалавриат;;
Современное искусство;БВШД;Бакалавриат;;
Дизайн и архитектура интерьера;БВШД;Бакалавриат;;
Менеджмент в креативных индустриях (сетевая программа);БВШД;Бакалавриат;;
Менеджмент и маркетинг в креативных индустриях;БВШД;Бакалавриат;;
Бренд-менеджмент и маркетинг в креативных индустриях;БВШД;Бакалавриат;;
Предпринимательство и продюсирование в креативных индустриях;БВШД;Бакалавриат;;
Продюсирование и предпринимательство в креативных индустриях;БВШД;Бакалавриат;;да — новое название, уточнить школу
Стратегические коммуникации и управление репутацией в КИ;БВШД;Бакалавриат;;да — новая программа, уточнить школу
Развитие креативных проектов;БВШД;Магистратура;;
Кинопроизводство;МШК;Бакалавриат;;
Артист драматического театра и кино;МШК;Бакалавриат;;
Анимация;Scream;Бакалавриат;;
Создание игр;Scream;Бакалавриат;;
Двухмерная графика: анимация, концепт-арт, комиксы;Scream;Бакалавриат;;да — новая программа, уточнить школу
Компьютерная музыка и аранжировка;МШМ;Бакалавриат;;
Современная музыка;МШМ;Бакалавриат;;да — новая программа, уточнить школу
